{"cameraMode":{"drawMode":0,"name":"Shaded","section":"Shading Mode"},"sceneLighting":false,"audioPlay":false,"sceneViewState":{"m_AlwaysRefresh":false,"showFog":true,"showSkybox":false,"showFlares":true,"showImageEffects":true,"showParticleSystems":true,"showVisualEffectGraphs":true,"m_FxEnabled":true},"in2DMode":false,"pivot":{"x":17.470346450805665,"y":4.497918605804443,"z":-7.157536029815674},"rotation":{"x":0.009656252339482308,"y":-0.9644008278846741,"z":0.03551293537020683,"w":0.26202449202537539},"size":2.1207001209259035,"orthographic":false}