{"cameraMode":{"drawMode":0,"name":"Shaded","section":"Shading Mode"},"sceneLighting":false,"audioPlay":false,"sceneViewState":{"m_AlwaysRefresh":false,"showFog":true,"showSkybox":false,"showFlares":true,"showImageEffects":true,"showParticleSystems":true,"showVisualEffectGraphs":true,"m_FxEnabled":true},"in2DMode":false,"pivot":{"x":-0.06480127573013306,"y":0.6157506704330444,"z":-0.15459731221199037},"rotation":{"x":0.05315570905804634,"y":0.940782368183136,"z":-0.17398002743721009,"w":0.28657665848731997},"size":1.0482280254364014,"orthographic":false}