{"cameraMode":{"drawMode":0,"name":"Shaded","section":"Shading Mode"},"sceneLighting":false,"audioPlay":false,"sceneViewState":{"m_AlwaysRefresh":false,"showFog":true,"showSkybox":false,"showFlares":true,"showImageEffects":true,"showParticleSystems":true,"showVisualEffectGraphs":true,"m_FxEnabled":true},"in2DMode":false,"pivot":{"x":-0.00970795750617981,"y":0.6824037432670593,"z":0.11167570948600769},"rotation":{"x":0.03200892359018326,"y":0.941787600517273,"z":-0.09383906424045563,"w":0.32132360339164736},"size":1.3160367012023926,"orthographic":false}