{"cameraMode":{"drawMode":0,"name":"Shaded","section":"Shading Mode"},"sceneLighting":false,"audioPlay":false,"sceneViewState":{"m_AlwaysRefresh":false,"showFog":true,"showSkybox":false,"showFlares":true,"showImageEffects":true,"showParticleSystems":true,"showVisualEffectGraphs":true,"m_FxEnabled":true},"in2DMode":false,"pivot":{"x":22.039695739746095,"y":4.782588005065918,"z":-7.844053745269775},"rotation":{"x":0.038061149418354037,"y":0.9618293642997742,"z":-0.18329556286334992,"w":0.19978591799736024},"size":1.567020297050476,"orthographic":false}