{"cameraMode":{"drawMode":0,"name":"Shaded","section":"Shading Mode"},"sceneLighting":false,"audioPlay":false,"sceneViewState":{"m_AlwaysRefresh":false,"showFog":true,"showSkybox":false,"showFlares":true,"showImageEffects":true,"showParticleSystems":true,"showVisualEffectGraphs":true,"m_FxEnabled":true},"in2DMode":false,"pivot":{"x":0.09998269379138947,"y":-0.8589802980422974,"z":-1.5877652168273926},"rotation":{"x":-0.009172859601676464,"y":0.9507573246955872,"z":-0.30855217576026919,"w":-0.02824322320520878},"size":2.0660252571105959,"orthographic":false}