{"cameraMode":{"drawMode":0,"name":"Shaded","section":"Shading Mode"},"sceneLighting":false,"audioPlay":false,"sceneViewState":{"m_AlwaysRefresh":false,"showFog":true,"showSkybox":false,"showFlares":true,"showImageEffects":true,"showParticleSystems":true,"showVisualEffectGraphs":true,"m_FxEnabled":true},"in2DMode":false,"pivot":{"x":0.17452150583267213,"y":1.1184673309326172,"z":0.08559584617614746},"rotation":{"x":0.05315570905804634,"y":0.940782368183136,"z":-0.17398002743721009,"w":0.28657665848731997},"size":1.3187071084976197,"orthographic":false}